Time,Message_ID,Message,Sentiment,Stock
2020-06-14T11:52:39Z,219834877,$AAPL retrace to fill gap near .,Bearish,AAPL
2020-06-14T10:24:00Z,219832299,"$AAPL 

When you know your software suks...

It‚Äôs when your software version is greater than the version of hardware",Bearish,AAPL
2020-06-14T09:48:22Z,219831502,"$SPY  $NVDA $NFLX $AAPL $GS 

What a load of garbage. ANYTHING FOR VOTES!!!",None,AAPL
2020-06-14T08:51:19Z,219830359,$AAPL Beauty of a channel üëåüèª,Bullish,AAPL
2020-06-14T08:43:29Z,219830186,$GNUS $AMZN $ROKU $AAPL huge,Bullish,AAPL
2020-06-14T08:32:28Z,219829970,"Huh ü§î  
 
$AAPL $TSLA $AMZN $SPY $FB",Bullish,AAPL
2020-06-14T08:26:00Z,219829820,$AAPL outperforms 93% of all stocks! https://www.chartmill.com/stock/quote/AAPL/technical-analysis?key=bb853040-a4ac-41c6-b549-d218d2f21b32&amp;utm_source=stocktwits&amp;utm_medium=TA&amp;utm_content=AAPL&amp;utm_campaign=social_tracking,None,AAPL
2020-06-14T07:25:59Z,219828227,"$SPY .... so that&#39;s what created this!

2714.82-2191.86=522.96 pts (Bear Range) 
2714.82+522.96 =522.96 pts (Bull Range) =3,237.78 $SPY $323.78

$SPX actual high 3,233.13-3,237.78= 4.65 pts!!!!
$SPY actual high $323.41-$323.78= $0.37 cents!!!!

Except the Bull Range didn&#39;t quite on purpose not get there instead over 45 trading days March 23rd to this past Monday June 8th the $SPX came within 4.64 points and the $SPY came within $0.37 cents!

Of doing what only COMPUTERS could do!
Over 45 trading days ..500 of the words most valuable stocks in by far the world&#39;s most invested index $SPY! Stocks like $AAPL, $INTC, $ MSFT ...

Came within 4.65 pts ...522.96 ....of being
Perfect and exact rallies over..

Key Bear Market Line 2714.82

Do the math yourself!

2714.82-522.96=2191.96
2714.82+518.31!!!!!! 

That&#39;s so crazy! Of course CNBC would never mention itonce time and I remain the only recorded Technical Analyst to much less indentfiy on Feb 28th and its now June 14th 2020.....",Bearish,AAPL
2020-06-14T06:10:46Z,219826011,"$AAPL if anyone was wondering why stocks fell and what can possibly happen next then check this out.

Stock Market Selling Off Hard | What&#39;s Next? https://youtu.be/lp170ZGi-LU",Bullish,AAPL
2020-06-14T06:09:34Z,219825977,":-) 
 
$AAPL $TSLA $AMZN $SPY $FB",Bullish,AAPL
2020-06-14T05:58:37Z,219825535,"$DJIA $SPY $AMZN $TSLA $AAPL The race issue is not dissipating as another police shooting in Atlanta.  This will eventually impact the market. 
 Trump cannot unify the country as he does not have unifying quality in his DNA.  Look at his another race baiting tweet.  You know what he is really saying. This is taken straight from the 1860s Klans playbook.",Bearish,AAPL
2020-06-14T05:44:21Z,219824878,$SPY whenever someone‚Äôs asks why it DUMPED last week = Fresh meat ü•© $TSLA $AAPL $FB $BA #FREEMONEY,Bearish,AAPL
2020-06-14T05:42:34Z,219824789,$AAPL I have loved üçè for decades. No longer. This huge advance has taken all the desirability out for üçè which is now overvalued. Danger Will Robinson!,Bearish,AAPL
2020-06-14T05:26:31Z,219823989,$SPY $AAPL Based on latest financial disclosure Apple Inc has Probability Of Bankruptcy of 6.0%,None,AAPL
2020-06-14T05:14:54Z,219823432,":) 
 
$AAPL $TSLA $AMZN $SPY $FB",Bullish,AAPL
2020-06-14T05:12:52Z,219823328,"Masks Vs. Gloves  :-)  Gloves win 
 
$AAPL $TSLA $AMZN $SPY $FB",Bullish,AAPL
2020-06-14T05:09:35Z,219823167,"$AAPL $AMZN $FB $MSFT $GOOG 

&quot;Houston thought they peaked around Easter, but this week the daily case 7-day average made a new high&quot;

2nd Wave? I Think We All Know The Answer To This Question.",None,AAPL
2020-06-14T05:03:16Z,219822828,$SPY Buffet personally told me to pass this along $TSLA $AAPL $BA $FB,Bearish,AAPL
2020-06-14T04:54:39Z,219822387,$AAPL I go gangster for once! Waste of time unless you want to hear funny sound effects in the video :) thanks stocktwits and Apple fam.   https://youtu.be/cwxvjWMbzDQ,Bullish,AAPL
2020-06-14T04:51:03Z,219822175,"$AAPL Fauci says US might not see ‚Äòsecond wave‚Äô of Covid-19 cases 
$AMZN $FB $GOOGL",None,AAPL
2020-06-14T04:38:55Z,219821463,"$SPY $AAPL $MSFT $WFC $XLK  ‚Ä¶ Fauci says US might not see &#39;second wave&#39; of Covid-19 cases  
https://www.theguardian.com/us-news/2020/jun/13/anthony-fauci-second-wave-coronavirus-cases",Bullish,AAPL
2020-06-14T04:35:46Z,219821268,"$spy $aapl whats the cheapest I can negotiate with TD Ameritrade or Etrade for Options pricing?
I do about 5000 contracts a month",None,AAPL
2020-06-14T04:34:57Z,219821224,"$ACTT $SPY $TSLA $AAPL We‚Äôre operating at an 96% success rate with an average profit of 25% in 4 days. Don&#39;t miss, Check it now, stocktwits.com/archerfysh/message/219744996",None,AAPL
2020-06-14T04:28:29Z,219820784,$BTC.X $AMD $TWTR $AAPL $FB,Bullish,AAPL
2020-06-14T04:06:04Z,219819403,"$AAPL the looting really has nothing to do with the market, but delayed openings will",None,AAPL
2020-06-14T04:04:05Z,219819278,"Updated ratings for Apple($AAPL), Aon Plc($AON),‚Ä¶ https://www.macroaxis.com/invest/marketRatings?s=AAPL,AON,LMT,EXPD,BA,CME,BTU,ICE,STFC,HCP,ALL,CME #insidertrading #stocks #fintechnews",None,AAPL
2020-06-14T03:56:57Z,219818756,"$AAPL nashville delayed opening procedures, don‚Äôt doubt you see a wave of that over the next week",None,AAPL
2020-06-14T03:45:03Z,219817844,"$SPY
 Millions have been lost because of looters, people outraged by these criminals, they post they&#39;re racist rage on ST. Now lets talk about the real Looters, anyone seeing what the FED&#39;s been up to? How much got looted by the Bankers on WS in 2008? over $15 Trillions dollars from Mom &amp; Pop Investor, Pension funds &amp; the elderly.
Who got shot? who went to jail?

You talk about being sheep? Keep looking at the kid who stole shoes with a brick thru a window &amp; ignore the real criminals

$AAPL $AMZN $MSFT $JPM",None,AAPL
2020-06-14T03:36:34Z,219817227,"$SPY $LMB  $AAPL  ùêÄùê∞ùêûùê¨ùê®ùê¶ùêû ùê≠ùê´ùêöùêùùê¢ùêßùê† ùê∞ùê¢ùê≠ùê° ùê¶ùê®ùê´ùêû ùê©ùê´ùê®ùêüùê¢ùê≠. ùêÑùêöùê¨ùê≤ ùê≠ùê® ùê¨ùê≠ùêöùê´ùê≠ ùê°ùêûùê´ùêû!    

 stocktwits.com/BradleyFox/message/219760798",Bullish,AAPL
2020-06-14T03:27:47Z,219816567,"$AAPL Apple has a new manufacturing site in Austin. :-) 
Trump loves apple!",None,AAPL
Time,Message_ID,Message,Sentiment,Stock
2020-06-14T11:46:15Z,219834636,$MSFT push $225. by Xmas,Bullish,MSFT
2020-06-14T11:30:13Z,219834055,$MSFT: Financial Expert Austin Zelan Assists Entrepreneurs to Get Ahead in the Investment Game https://www.chartmill.com/news/MSFT/accesswire-2020-6-14-financial-expert-austin-zelan-assists-entrepreneurs-to-get-ahead-in-the-investment-game?utm_source=stocktwits&amp;utm_medium=pressRelease&amp;utm_content=MSFT&amp;utm_campaign=social_tracking,None,MSFT
2020-06-14T11:20:59Z,219833790,$MSFT do we go for 200 this week?,Bullish,MSFT
2020-06-14T10:58:08Z,219833183,#Three Ways Blockchain Could Get The World To Act Against The Climate Crisis $MSFT $BTC.X https://talkmarkets.com/content/energy/three-ways-blockchain-could-get-the-world-to-act-against-the-climate-crisis?post=265462,None,MSFT
2020-06-14T10:41:32Z,219832729,"Portfolio prediction for next week: Microsoft($MSFT),‚Ä¶ https://www.macroaxis.com/invest/marketRatings?s=MSFT,WU,FLR,EXC,HD,DHI,HRS,NFBK,AA,F,CBSH,NE #canada #canadian_equities #CA",None,MSFT
2020-06-14T09:50:21Z,219831549,Peak profit for the last 6 expired option alerts for $MSFT 330.48  | 15.48  | 266.49  | 239.00  | 12.31  | 36.23  |,None,MSFT
2020-06-14T09:02:17Z,219830591,"$MVIS Happy Sunday y&#39;all üçª

Question: as shareholders, do we get a say/vote at the BO price negotiations?

For example, i&#39;d take no less than 15B ($105/sh) for an &quot;all stock deal&quot; merger.

If they want to buy the company, they can pay up NOW for the HUGE FUTURE, and deals ahead, if MVIS would continue independently developing and manufacturing. 

So if they just want the IP, to manufacture &quot;their own&quot; tech (like $MSFT building the hololens 2 with $MVIS chip) then they can pay in advance, for the future royalties (in the billions) of selling &quot;their own tech&quot;  (army buying ~40K units, at ~20K per unit is already 8 BILLION gross)
call it &quot;a type of consignation&quot; 

AMZN started as  book store. 
FB started as a &quot;hot or not&quot; college thing 
GOOGL started as a search engine
TSLA started as... Paypal (well, its the same guy. Evolution) 

Personally, I think its ACTUALLY the &quot;Microvision Holo-(graphic)-lens&quot;

watch BLADE RUNNER 2049 again.
Its a FULL ON DISPLAY of who $MVIS is going to be.",Bullish,MSFT
2020-06-14T08:34:04Z,219830009,"Interesting  ü§î 
 
$AMD $NFLX $MSFT $MU $BTC.X",Bullish,MSFT
2020-06-14T08:22:45Z,219829735,$SPY $MSFT -- Who wants to volunteer for the Microsoft sponsored experimental vaccine?  LMAO,Bearish,MSFT
2020-06-14T07:56:00Z,219829069,"$MSFT is one of the better performing stocks in the Computer Programming, Data Processing, And Other Computer Rela ... https://www.chartmill.com/stock/analyzer/stock/MSFT?key=92318c9b-cb66-4932-8e30-5564fa1dd6a6&amp;utm_source=stocktwits&amp;utm_medium=TA&amp;utm_content=MSFT&amp;utm_campaign=social_tracking",None,MSFT
2020-06-14T07:33:06Z,219828452,$MSFT - Next fiscal quarter end is on 30th of June 2020. Late potential upside is at 7.44 https://www.macroaxis.com/invest/technicalIndicator/MSFT/Potential-Upside,None,MSFT
2020-06-14T06:10:52Z,219826014,";-) 
 
$AMD $NFLX $MSFT $MU $BTC.X",Bullish,MSFT
2020-06-14T05:22:59Z,219823819,"$MSFT $200 test this week. $275 price upgrade by Wedbush, insider buying, &amp; Fast Money Final Trade pump. This week we fly!",Bullish,MSFT
2020-06-14T05:15:52Z,219823485,";) 
 
$AMD $NFLX $MSFT $MU $BTC.X",Bullish,MSFT
2020-06-14T05:14:07Z,219823392,"Gloves vs. Masks  :-)  Gloves win 
 
$AMD $NFLX $MSFT $MU $BTC.X",Bullish,MSFT
2020-06-14T05:10:11Z,219823194,"https://youtu.be/OufsNZ60PAM

$NKLA $BA $DIS $VER $MSFT",None,MSFT
2020-06-14T05:09:35Z,219823167,"$AAPL $AMZN $FB $MSFT $GOOG 

&quot;Houston thought they peaked around Easter, but this week the daily case 7-day average made a new high&quot;

2nd Wave? I Think We All Know The Answer To This Question.",None,MSFT
2020-06-14T04:52:17Z,219822254,$MSFT I go gangster for once! Waste of time unless you want to hear funny sound effects in the video :) thanks stocktwits and microsoft fam.   https://youtu.be/cwxvjWMbzDQ,Bullish,MSFT
2020-06-14T04:38:55Z,219821463,"$SPY $AAPL $MSFT $WFC $XLK  ‚Ä¶ Fauci says US might not see &#39;second wave&#39; of Covid-19 cases  
https://www.theguardian.com/us-news/2020/jun/13/anthony-fauci-second-wave-coronavirus-cases",Bullish,MSFT
2020-06-14T03:54:02Z,219818545,$MGM  $BAC $MSFT $WFC üöÄüöÄüöÄ,Bullish,MSFT
2020-06-14T03:50:17Z,219818242,$MVIS  Do these guys have contracts with anyone other than $MSFT ? Just wonder who else use their tech.,None,MSFT
2020-06-14T03:45:03Z,219817844,"$SPY
 Millions have been lost because of looters, people outraged by these criminals, they post they&#39;re racist rage on ST. Now lets talk about the real Looters, anyone seeing what the FED&#39;s been up to? How much got looted by the Bankers on WS in 2008? over $15 Trillions dollars from Mom &amp; Pop Investor, Pension funds &amp; the elderly.
Who got shot? who went to jail?

You talk about being sheep? Keep looking at the kid who stole shoes with a brick thru a window &amp; ignore the real criminals

$AAPL $AMZN $MSFT $JPM",None,MSFT
2020-06-14T03:28:03Z,219816592,"$MSFT if anyone was wondering why the market sold off so aggressively on Thursday and Friday, here‚Äôs why....

Stock Market Selling Off Hard | What&#39;s Next? https://youtu.be/lp170ZGi-LU",Bullish,MSFT
2020-06-14T03:09:52Z,219815135,$SPY $APPL $TSLA $FB $MSFT @SellTheDips is a very knowledgeable trader that has given his time to help a number of people try to turn their small accounts into large ones. I wouldn‚Äôt be where I am at today without him and the lessons he‚Äôs taught me! Check out his recap video and YouTube account to see how he‚Äôs doing it: https://youtu.be/rUhkDSGFYno,None,MSFT
2020-06-14T03:02:34Z,219814594,"$SPY Things we&#39;ve learner this year about ST, they&#39;re are a lot of racist here &amp; they sound like idiots. 

$AAPL $MSFT $NFLX $TSLA",None,MSFT
2020-06-14T02:52:08Z,219813723,$MSFT Godamn the Xbox is ugly.. if that‚Äôs it then üìâüìâüìâ,None,MSFT
2020-06-14T02:18:55Z,219810947,"$MSFT Another great week the group! Almost had a perfect week! Consistency is what. matters when trying to make money, in the market! Check out  our weekly recap! https://youtu.be/rUhkDSGFYno",None,MSFT
2020-06-14T01:53:51Z,219808888,"$SPY $AAPL $TSLA $AMZN $MSFT 

Accepting requests for analysis now - will try to do as many as possible. One per person. 

-In Algo We Trust.",None,MSFT
2020-06-14T01:51:31Z,219808702,$BA $SPY $AAPL $GNUS $MSFT Looking for a discord who trades options daily and has steady gains when the market is up and down? Hit us up! https://www.paypal.com/cgi-bin/webscr?cmd=_s-xclick&amp;hosted_button_id=6HDGEHFHRWC7G,Bullish,MSFT
2020-06-14T01:47:47Z,219808412,".A thought :) 
 
$AMD $NFLX $MSFT $MU $BTC.X",Bullish,MSFT
2020-06-14T09:22:28Z,219831013,Peak profit for the last 6 expired option alerts for $V 25.00  | 82.46  | 208.33  | 241.67  | -99.56  | 30.99  |,None,V
2020-06-14T05:45:08Z,219824925,"$LULU $PTON $TSLA $DAL $V 

Wow. It&#39;s coming, soon. Our trusted doctors, scientists and testing will lead us out of this darkness!",Bullish,V
2020-06-14T03:32:31Z,219816936,"$BYND $V $SPY AMX    ùêÇùê®ùê¶ùêû ùê•ùêûùêöùê´ùêß, ùêöùêßùêù ùê¶ùêöùê§ùêû ùê°ùêÆùê†ùêû ùê†ùêöùê¢ùêßùê¨. ( ùêâùê®ùê¢ùêß &amp; ùêåùêöùê§ùêû....üí∞ ùê≠ùê°ùêûùêß ùêÜùê®........üöÄ )  

stocktwits.com/BradleyFox/message/219760798",Bullish,V
2020-06-13T23:32:59Z,219797449,"$V $MA these two stocks could very well be the best holds in the future 

Cash is slowly starting to become less commonly used throughout the world. Electronic payments are slowly taking over especially with COVID-19. I don‚Äôt see these companies going any lower and I think the only way is up. What do you guys think? $SPY $TQQQ $GNUS",Bullish,V
2020-06-13T22:19:27Z,219791339,Your daily News digest for Visa $V https://wsfriend.com/daily/news/V/2020-06-13/,None,V
2020-06-13T22:06:22Z,219790317,$V  PT $230 &lt;1 Year,Bullish,V
2020-06-13T21:18:00Z,219786516,"$V: The short term is neutral, but the long term trend is still positive. Not much to worry about for now. https://www.chartmill.com/stock/quote/V/technical-analysis?key=3dbd9618-a78d-4a40-a2c3-abd3cf42ee32&amp;utm_source=stocktwits&amp;utm_medium=TA&amp;utm_content=V&amp;utm_campaign=social_tracking",None,V
2020-06-13T19:57:55Z,219779948,"Portfolio Must-Haves:

1. MasterCard- $MA
2. Adobe- $ADBE
3. Visa- $V",Bullish,V
2020-06-13T17:34:29Z,219767603,9 of 10 $UNH $V $VZ Finally the best practice is to use the SSI live within a screener with hundreds of instruments being automatically sorted every few seconds. This way the best selections for long or short trades are picked continuously with a high success rate ‚Ä¶ see 10/10,None,V
2020-06-13T14:25:07Z,219751087,$V what a catch,None,V
2020-06-13T12:37:35Z,219743800,"$AXP $V American Express lands green light in China 

https://newsfilter.io/a/ff5f16372519e871685c2a26f55f8bdd",None,V
2020-06-13T12:21:22Z,219743034,"$JPM $IWF $AXP $V $MA 

Bloomberg Terminals 
Bringing you latest &amp; greatest news Live 24\7 365 

 Breaking News Story: 
üçíüá∫üá∏üá∫üá∏üá∫üá∏üá∫üá∏üá∫üá∏üá∫üá∏üá∫üá∏üá∫üá∏üá∫üá∏üá∫üá∏üá∫üá∏üåé
PRELIMINARY MODERNA DATA SUGGESTS ONE DOSE OF VACCINE PROVIDES SUFFICIENT PROTECTION AGAINST THE VIRUS - MODERNA MOUSE STUDY Bullish üçíüçíüçíüçí ü§ëü§ëü§ëü§ë Bullish ... üçíüá∫üá∏üíØüíØ",Bullish,V
2020-06-13T12:00:38Z,219742103,"$V could be a bloody Monday.   Pay attention to the numbers.  

‚ÄúMonday: Empire State Manufacturing Survey
The Federal Reserve Bank of New York will reveal its June survey of manufacturers in New York, which will give investors a read on general business conditions in the state and region. The May survey came in at minus 9, which followed a record low reading of minus 
78.2 in April.  The report &quot;will tell us whether we&#39;re dealing with a Covid-19 depression or just a recession,&quot; Cramer said. New York City is the &quot;hardest hit area in the country, so I bet this is going to be the worst number ever recorded. If we get a spike in new cases over the weekend ‚Ä¶ and we get a lousy Empire Manufacturing number, then Monday&#39;s gonna be bad.&quot;",None,V
2020-06-13T10:31:26Z,219739051,Peak profit for the last 6 expired option alerts for $V 25.00  | 82.46  | 208.33  | 241.67  | -99.56  | 30.99  |,None,V
2020-06-13T09:19:36Z,219737447,"American Express JV gets final approval to launch operations in China  $AXP $MA $V 

https://newsfilter.io/a/2bb2c68a8c9dea03e5f5ae4e0fdfa745",None,V
2020-06-13T07:43:49Z,219735712,$V Visa Inc. (V) Management Presents at RBC Financial Technology Conference (Transcript) | Seeking Alpha https://seekingalpha.com/article/4353405-visa-inc-v-management-presents-rbc-financial-technology-conference-transcript,None,V
2020-06-13T05:19:02Z,219730733,"$V: New SEC filing on PRESIDENT, TECHNOLOGY, RAJAT TANEJA: https://www.sec.gov/Archives/edgar/data/1403161/000112760220019509/xslF345X03/form4.xml",None,V
2020-06-13T02:35:06Z,219718637,$DJIA $V $XSPA Most profitable active trading room and excellent chatroom.. It&#39;s really  awesome.  stocktwits.com/clairvaldez/message/218632958,Bullish,V
2020-06-12T23:47:47Z,219698189,$V Strong like a big bull üêÇüöÄ,Bullish,V
2020-06-12T23:41:34Z,219697244,"Updated correlation matrix for Visa($V), Northfield Bancorp($NFBK),‚Ä¶ https://www.macroaxis.com/invest/marketCorrelation?s=V,NFBK,DRI,EWBC,STFC,CVX,JCP,VAR,NBTB,UMPQ,OMC,SEE #stocks #earnings",None,V
2020-06-12T22:31:08Z,219684832,"$V 
THIS ARTICLE IS GOING TO MAKE ME THOUSANDS$$$$$$
https://pocketfortune.substack.com/p/the-end-of-a-v-recovery",None,V
2020-06-12T22:21:00Z,219682890,Your daily News digest for Visa $V https://wsfriend.com/daily/news/V/2020-06-12/,None,V
2020-06-12T22:03:27Z,219679380,"PRESIDENT of Visa Inc. just cashed-in 3,279 options  http://www.conferencecalltranscripts.org/4/summary2/?id=8022238 $V",None,V
2020-06-12T22:00:34Z,219678779,"$V [15s. delayed] filed SEC form 4: Insider Taneja Rajat: 
Disposed 3,279 of Class A Common Stock at price $202.02 and Converted securitie https://s.flashalert.me/SHBHn9",None,V
2020-06-12T22:00:15Z,219678700,"#FWSells $V Taneja Rajat, PRESIDENT, TECHNOLOGY of VISA INC. sold 3279 shares on 2020-06-10. https://formwhispers.com/s?t=V",None,V
2020-06-12T22:00:13Z,219678690,"$V $486,570.81 of shares sold by Taneja Rajat (PRESIDENT, TECHNOLOGY), reported in a new form 4 filed with the SEC  

https://newsfilter.io/a/d1d2e679d1f0eb59d6b08051f48b293d",None,V
2020-06-12T21:02:01Z,219664927,"$V what sold at 200$ , bought it back at 190$ in the dump and sold it today at open at 196$ 

Who knows , still plenty of shares of $V",None,V
2020-06-12T20:44:07Z,219659837,$V,Bullish,V
2020-06-12T19:56:35Z,219641446,$V nice recovery,Bullish,V
2020-06-12T19:45:15Z,219636019,"Earnings summary of #Visa #V $V 
https://www.finscreener.com/title/earnings?&amp;idcp=4081",None,V
2020-06-14T11:51:15Z,219834833,"$MU $INTC $F $TLRY Hello all! Tide Indicators (for 13 June 2020) had been updated today. Please visit blog to view the full updates: https://tideinvestor.com/tide-indicators/

This week, we can see that Bearish price action are being revealed one by one in the stock market. Even though I couldn&#39;t get a bearish confirmation on Friday trading and still remain Neutral on stock market, overall the bearish tide seems to be taking over pretty soon. 

Furthermore, as per the Tide Indicators for today (13 June 2020), we can see the fund flow on JPY had finally reversed to Short on the stock market. This further confirmed to me that a market peak/reversal is imminent. The price action on monday trading or next week will be important for myself regarding my remaining Long positions and trading plan.

I am looking forward to the upcoming Bearish tide and more will be shared in the full Tide Indicators analysis which will be posted in my blog on 15 June 2020. üòä",None,INTC
2020-06-14T11:32:02Z,219834117,The industry average ROA is 1.23%. $INTC outperforms 93% of its industry peers. https://www.chartmill.com/stock/quote/INTC/fundamental-analysis?key=7b587a96-4d14-402a-afe0-f18f26f89061&amp;utm_source=stocktwits&amp;utm_medium=FA&amp;utm_content=INTC&amp;utm_campaign=social_tracking,None,INTC
2020-06-14T09:21:20Z,219830998,"$INTC $SPY $DIS 
Glad I held on to it!
   
 I have been in this community  for  almost 2 months and i am glad that decided to be a part of it. totally worth it.  
                          
 xtrads-discrd-grup.my-board.org",None,INTC
2020-06-14T07:56:33Z,219829081,"Updated correlation matrix for Intel($INTC), SLM‚Ä¶ https://www.macroaxis.com/invest/marketCorrelation?s=INTC,SLM,DNR,CINF,RF,PACW,ISBC,SRCL,ACN,CATY,WAT,FMC #correlations #stocks #stockratings",None,INTC
2020-06-14T07:25:59Z,219828227,"$SPY .... so that&#39;s what created this!

2714.82-2191.86=522.96 pts (Bear Range) 
2714.82+522.96 =522.96 pts (Bull Range) =3,237.78 $SPY $323.78

$SPX actual high 3,233.13-3,237.78= 4.65 pts!!!!
$SPY actual high $323.41-$323.78= $0.37 cents!!!!

Except the Bull Range didn&#39;t quite on purpose not get there instead over 45 trading days March 23rd to this past Monday June 8th the $SPX came within 4.64 points and the $SPY came within $0.37 cents!

Of doing what only COMPUTERS could do!
Over 45 trading days ..500 of the words most valuable stocks in by far the world&#39;s most invested index $SPY! Stocks like $AAPL, $INTC, $ MSFT ...

Came within 4.65 pts ...522.96 ....of being
Perfect and exact rallies over..

Key Bear Market Line 2714.82

Do the math yourself!

2714.82-522.96=2191.96
2714.82+518.31!!!!!! 

That&#39;s so crazy! Of course CNBC would never mention itonce time and I remain the only recorded Technical Analyst to much less indentfiy on Feb 28th and its now June 14th 2020.....",Bearish,INTC
2020-06-14T06:55:44Z,219827356,"$INTC The bigger picture is that the chips, semiconductors, and tech in the US will be under the same umbrella.  No sales to China without a special permit. Nobody has such a permit. I think in the immediate future, some sales will drop from lost China orders. Prices will go up to make up for the lost sales to China. Then we will sell to China again at higher prices. And everyone, US market and China market will keep paying higher prices for the same product.",Bullish,INTC
2020-06-14T04:52:04Z,219822241,$INTC I go gangster for once! Waste of time unless you want to hear funny sound effects in the video :) thanks stocktwits and Intel fam.   https://youtu.be/cwxvjWMbzDQ,Bullish,INTC
2020-06-14T01:40:40Z,219807809,Jim Keller to leave $INTC for finishing his old $AMD game?  https://www.extremetech.com/computing/182790-amds-next-big-gamble-arm-and-x86-cores-working-side-by-side-on-the-same-chip/3,Bullish,INTC
2020-06-14T00:09:52Z,219800579,Jim Keller to leave $INTC for $AMD ARM K12?   Will ARM K12 be revived?  https://www.notebookcheck.net/Roadmap-enlists-AMD-processor-codenames-expected-till-2022-No-hint-of-AMD-Ryzen-desktop-CPUs-indicated-for-2021-but-will-ARM-K12-be-revived.466320.0.html,Bullish,INTC
2020-06-13T23:19:39Z,219796379,"https://www.youtube.com/watch?v=3y9akB5-6Ws&amp;feature=share

.@guyadami amongst many many others is LONG $AMD ‚ÜóÔ∏è 

$AAPL $INTC $NVDA",None,INTC
2020-06-13T22:49:31Z,219793923,$AMD PS5 leads path to $70 $INTC  https://seekingalpha.com/article/4351007-amd-heading-to-70,Bullish,INTC
2020-06-13T22:42:06Z,219793303,$INTC Stocktwits  and Intel fam! new video on the S&amp;P 500 and what is going on! https://youtu.be/ASlEBlE67g4,Bullish,INTC
2020-06-13T22:41:25Z,219793236,"$AMD gained 2000% value since june, 2015 whereas, $INTC only gained 85% from same time period. We know the the future",Bullish,INTC
2020-06-13T21:40:51Z,219788296,Your daily News digest for Intel $INTC https://wsfriend.com/daily/news/INTC/2020-06-13/,None,INTC
2020-06-13T20:35:23Z,219783112,"$INTC  Some people need the stock down, so they can short it. In some cases, social media can successfully manipulate a stock price. Traditional valuation means nothing. Analysts can report whatever. Charts are looking backwards to see the future. In the real world, the stock itself is a free market product. Pricing is dictated by whatever someone is willing to pay.",Bullish,INTC
2020-06-13T20:27:00Z,219782354,"Looking at the yearly performance, $INTC did better than 81% of all other stocks. https://www.chartmill.com/stock/analyzer/stock/INTC?key=7b587a96-4d14-402a-afe0-f18f26f89061&amp;utm_source=stocktwits&amp;utm_medium=TA&amp;utm_content=INTC&amp;utm_campaign=social_tracking",None,INTC
2020-06-13T17:32:24Z,219767445,4 of 10 $HD $IBM $INTC ‚Ä¶ see 5/10,None,INTC
2020-06-13T17:27:40Z,219767069,"$INTC On May 20, Intel stock broke out of a cup-with-handle base with a buy point of 62.23. It has stayed mostly in the 5% buy zone since then. INTC stock ended the regular session June 5 at 64.34.

Intel stock has an IBD Relative Strength Rating of 88, meaning it has outperformed 88% of stocks in the past 12 months. The best growth stocks typically have RS Ratings of at least 80.",Bullish,INTC
2020-06-13T16:25:58Z,219761593,Peak profit for the last 6 expired option alerts for $INTC 68.15  | 24.22  | 178.85  | -99.35  | 36.59  | 97.53  |,None,INTC
2020-06-13T15:06:52Z,219754608,$INTC mounting losses $AMD $AAPL https://seekingalpha.com/article/4353389-intel-losses-are-mounting,None,INTC
2020-06-13T15:04:24Z,219754367,"$INTC  
Intel  
Intrinsic Value Analysis: 
http://dividendvaluebuilder.com/intel-intc-stock-analysis/ 
#dividends #technology #yield #dividend #investing #AAAMPortfolios",None,INTC
2020-06-13T11:22:55Z,219740696,"$INTC $IBB $TSLA $GNUS Big Professional Stocks and Options Trader Room for your best results, stocktwits.com/spencerwaylen/message/219736316",None,INTC
2020-06-13T06:42:39Z,219733934,"$intc $evk $pvh $SELB 

Do you want your really improvement ? recommend you best day trading room ...it&#39;s ...helpfull 

stocktwits.com/harrykincaid8/message/218993387",None,INTC
2020-06-13T05:10:06Z,219730290,$BRKB $GILD $FB $INTC suggested for $XII US ARCA Institutional according value screen: https://www.unclestock.com/index/XII,None,INTC
2020-06-13T04:39:44Z,219728566,$INTC please make the pain go away,Bullish,INTC
2020-06-13T04:05:03Z,219726274,$INTC Option Order Flow Sentiment has Shifted from Bullish to Bearish. http://tinyurl.com/y39lu6co,None,INTC
2020-06-13T03:54:00Z,219725551,The industry average ROE is 9.43%. $INTC outperforms 90% of its industry peers. https://www.chartmill.com/stock/quote/INTC/fundamental-analysis?key=7b587a96-4d14-402a-afe0-f18f26f89061&amp;utm_source=stocktwits&amp;utm_medium=FA&amp;utm_content=INTC&amp;utm_campaign=social_tracking,None,INTC
2020-06-13T01:02:51Z,219708518,"$SPY the way the market consolidated between the high 290‚Äôs and low 300‚Äôs almost at the end of day, it looks like Monday is another day for an even lower trend around the mid to high 290‚Äôs.

Holding $SBUX puts for now.
$OXY $AMD $INTC were an awesome put trade this week.",Bearish,INTC
2020-06-12T23:31:46Z,219695735,$INTC scooped few 58.50 Call options for next week .. looking good so far,Bullish,INTC
2020-06-12T22:50:18Z,219688756,$INTC Intel: Losses Are Mounting https://seekingalpha.com/article/4353389,None,INTC
2020-06-14T11:47:15Z,219834670,Peak profit for the last 6 expired option alerts for $MA 10.34  | 46.99  | 72.85  | 143.95  | 228.38  | 18.14  |,None,MA
2020-06-13T23:32:59Z,219797449,"$V $MA these two stocks could very well be the best holds in the future 

Cash is slowly starting to become less commonly used throughout the world. Electronic payments are slowly taking over especially with COVID-19. I don‚Äôt see these companies going any lower and I think the only way is up. What do you guys think? $SPY $TQQQ $GNUS",Bullish,MA
2020-06-13T22:59:36Z,219794757,"$SPY $TSLA $NVDA $AXP $MA ///// Breaking News Report: 
June 12 (Reuters) - White House economic adviser Larry Kudlow said on Friday the administration of U.S. President Donald Trump is not concerned about a second wave of coronavirus cases, the Wall Street Journal reported.

Kudlow, director of the White House National Economic Council, made his remarks in a private virtual meeting for clients of investment bank Evercore Inc EVR.N, the Journal reported, citing a recording reviewed by the newspaper.

‚ÄúBasically, the story is there have been some flare-ups of the virus, very controllable,‚Äù Kudlow was quoted by the newspaper as saying. It said his appearance in the closed meeting was approved by ethics lawyers.",Bullish,MA
2020-06-13T22:18:54Z,219791291,Your daily News digest for Mastercard $MA https://wsfriend.com/daily/news/MA/2020-06-13/,None,MA
2020-06-13T19:57:55Z,219779948,"Portfolio Must-Haves:

1. MasterCard- $MA
2. Adobe- $ADBE
3. Visa- $V",Bullish,MA
2020-06-13T15:22:29Z,219756102,"$ESSC $MA $fmci $CCXX $GPAQ connecting the dots folks. 

https://www.ogier.com/deals/ogier-advises-on-us138m-east-stone-acquisition-corp-initial-public-offering",None,MA
2020-06-13T12:49:21Z,219744454,Peak profit for the last 6 expired option alerts for $MA 10.34  | 46.99  | 72.85  | 143.95  | 228.38  | 18.14  |,None,MA
2020-06-13T12:21:22Z,219743034,"$JPM $IWF $AXP $V $MA 

Bloomberg Terminals 
Bringing you latest &amp; greatest news Live 24\7 365 

 Breaking News Story: 
üçíüá∫üá∏üá∫üá∏üá∫üá∏üá∫üá∏üá∫üá∏üá∫üá∏üá∫üá∏üá∫üá∏üá∫üá∏üá∫üá∏üá∫üá∏üåé
PRELIMINARY MODERNA DATA SUGGESTS ONE DOSE OF VACCINE PROVIDES SUFFICIENT PROTECTION AGAINST THE VIRUS - MODERNA MOUSE STUDY Bullish üçíüçíüçíüçí ü§ëü§ëü§ëü§ë Bullish ... üçíüá∫üá∏üíØüíØ",Bullish,MA
2020-06-13T11:56:15Z,219741923,$MA upcoming event June 16: 2020 Annual Meeting of Stockholders. Options expiring on June 19 that cover the event have an implied move of ¬±4.3% http://tinyurl.com/ychtc7c7,None,MA
2020-06-13T09:19:36Z,219737447,"American Express JV gets final approval to launch operations in China  $AXP $MA $V 

https://newsfilter.io/a/2bb2c68a8c9dea03e5f5ae4e0fdfa745",None,MA
2020-06-13T05:01:42Z,219729851,"What‚Äôs Juneteenth and Why Was There a Fight About It?: QuickTake  $MA $FB $NYT $NKE $SQ 

https://newsfilter.io/a/71061a43b071b7feac3b2dee14ef65cc",None,MA
2020-06-13T03:13:01Z,219722239,$MA/$QQQ: sounds like MA will beat QQQ in the following weeks (months?),None,MA
2020-06-13T02:30:38Z,219718170,$MA - Mastercard Incorporated has high financial‚Ä¶ https://www.macroaxis.com/invest/stock-analysis/MA/Mastercard-Incorporated #insidertrading #stocks #fintechnews,None,MA
2020-06-13T02:02:02Z,219715429,"$MA: New SEC filing on Chief Marketing Officer, VENKATA R MADABHUSHI: https://www.sec.gov/Archives/edgar/data/1141391/000114139120000117/xslF345X03/wf-form4_159199407790109.xml",None,MA
2020-06-12T22:38:08Z,219686346,"New ratings for Mastercard Incorporated($MA), Goodyear‚Ä¶ https://www.macroaxis.com/invest/marketRatings?s=MA,GT,ETFC,MCD,NWBI,PRGO,STZ,CMG,PICO,JBL,SNA,RSG #insidertrading #stocks #fintechnews",None,MA
2020-06-12T22:20:27Z,219682798,Your daily News digest for Mastercard $MA https://wsfriend.com/daily/news/MA/2020-06-12/,None,MA
2020-06-12T22:01:37Z,219679003,"$NKE $MA Mastercard Gives Workers Juneteenth Off, Encourages Volunteering 

https://newsfilter.io/a/5c2c2450b6c82c83acd6ef550d552316",None,MA
2020-06-12T21:36:35Z,219673694,$MA new insider selling: 7736 shares. http://insiderbuyingselling.com/?t=MA,None,MA
2020-06-12T20:41:25Z,219658985,"Mastercard Incorporated&#39;s Chief Executive Officer just cashed-in 102,000 options  http://www.conferencecalltranscripts.org/4/summary/?id=8021532 $MA",None,MA
2020-06-12T20:40:59Z,219658841,"Mastercard Incorporated&#39;s Chief Marketing Officer just disposed of 1,347 shares  http://www.conferencecalltranscripts.org/4/summary2/?id=8021529 $MA",None,MA
2020-06-12T20:40:54Z,219658800,"$MA $26,872,418.00 of shares sold by Banga Ajay (Chief Executive Officer), reported in a new form 4 filed with the SEC  https://newsfilter.io/a/b9026f874e4f8e15779c501addcf9b2d",None,MA
2020-06-12T20:36:15Z,219657317,"$MA [15s. delayed] filed SEC form 4: Chief Executive Officer BANGA AJAY: 
Disposed 102,000 of Class A Common Stock at average price $315.2 https://s.flashalert.me/pec2Z",None,MA
2020-06-12T20:35:58Z,219657238,"#FWSells $MA BANGA AJAY, Chief Executive Officer of Mastercard Inc sold 102000 shares on 2020-06-10. https://formwhispers.com/s?t=MA",None,MA
2020-06-12T20:35:53Z,219657204,"$MA [15s. delayed] filed SEC form 4: Chief Marketing Officer Madabhushi Venkata R: 
Disposed 7,736 of Class A Common Stock at price $315.1 https://s.flashalert.me/7iiSXg",None,MA
2020-06-12T20:35:34Z,219657097,"#FWSells $MA Madabhushi Venkata R, Chief Marketing Officer of Mastercard Inc sold 7736 shares on 2020-06-10. https://formwhispers.com/s?t=MA",None,MA
2020-06-12T20:35:33Z,219657092,"$MA $1,839,986.03 of shares sold by Madabhushi Venkata R (Chief Marketing Officer), reported in a new form 4 filed with the SEC  

https://newsfilter.io/a/f5e3f098ec63cd8d4f5c6c40484cfd8d",None,MA
2020-06-12T16:10:08Z,219554222,$MA does MasterCard still pay dividends ?,Bullish,MA
2020-06-12T16:06:09Z,219552742,"My largest holdings: 
1. Mastercard $MA
2. Visa $V
3. Adobe $ADBE
4. Anhueser-Busch $BUD",Bullish,MA
2020-06-12T14:08:21Z,219499630,$SPY way too much green across the indices. Could go much higher IMHO today. $V $MA $BA $NFLX all strong.,None,MA
2020-06-12T13:29:21Z,219481256,$MA $320 EOD. Bears are sweating...,Bullish,MA
2020-06-14T11:32:03Z,219834119,$NVDA $SHOP $SPY it has been a goldmine up and will be a goldmine down.,None,NVDA
2020-06-14T11:16:13Z,219833684,"$LULU Added to watchlist for a rebound play next week. Looking at it&#39;s past trends and chart, it plays very similar to stocks like $NVDA and $SPOT ..very liquid and easy for a rebound for quick profits..solid company with great marketing and leverage of influencers to sell for them",None,NVDA
2020-06-14T09:48:22Z,219831502,"$SPY  $NVDA $NFLX $AAPL $GS 

What a load of garbage. ANYTHING FOR VOTES!!!",None,NVDA
2020-06-14T08:14:12Z,219829515,Peak profit for the last 6 expired option alerts for $NVDA 127.27  | 120.58  | 41.18  | 73.50  | 1.75  | 172.97  |,None,NVDA
2020-06-14T08:13:07Z,219829487,"$NVDA [Jun-12 350.00 Calls] Option volume Up +193.90 % |  Volume: 1,687 vs 574 https://www.sleekoptions.com/sleekscan.aspx?sub1=dscan",None,NVDA
2020-06-14T08:12:03Z,219829459,$NVDA [Jun-26 357.50 Calls] Option volume Up +326.56 % |  Volume: 273 vs 64 https://www.sleekoptions.com/sleekscan.aspx?sub1=dscan,None,NVDA
2020-06-14T06:50:45Z,219827215,$FB $NVDA both consolidating nicely. Watching closely this week!,None,NVDA
2020-06-14T06:50:15Z,219827203,$NVDA bounced off the 20ema on the daily. Haven&#39;t to see what it will do here. Market sentiment will more than likely influence direction.,None,NVDA
2020-06-14T06:10:00Z,219825984,$NVDA has a better rating than 97% of its industry peers. https://www.chartmill.com/stock/analyzer/stock/NVDA?view=fundamental-analysis&amp;key=38672586-ebbc-43dd-8896-b9472a8ec477&amp;utm_source=stocktwits&amp;utm_medium=FA&amp;utm_content=NVDA&amp;utm_campaign=social_tracking,None,NVDA
2020-06-14T06:08:32Z,219825933,"New volatility landscape for NVIDIA($NVDA),‚Ä¶ https://www.macroaxis.com/invest/marketRiskAndReturn?s=NVDA,PKI,MCO,RRD,MAS,RIG,SIGI,FLR,TXN,PEP #correlations #stocks #stockratings",None,NVDA
2020-06-14T05:32:10Z,219824270,"Updated correlation matrix for NVIDIA($NVDA), Leggett‚Ä¶ https://www.macroaxis.com/invest/marketCorrelation?s=NVDA,LEG,WMG,APH,V,FCFS,SYY,WETF,CCI,PPG,CTSH,GPC #correlations #stocks #stockratings",None,NVDA
2020-06-14T04:07:00Z,219819470,$NVDA are the top gainers in the Nasdaq 100 for the day. https://www.chartmill.com/stock/stock-screener?v=3&amp;f=ind_20&amp;s=pt&amp;utm_source=stocktwits&amp;utm_medium=screener&amp;utm_content=Stock_Screener:_top_Nasdaq_100_gainers&amp;utm_campaign=social_tracking,None,NVDA
2020-06-14T03:26:25Z,219816439,$SMH $AMD $NVDA ... One final bull run until June 2021 to conclude the price move cycle?,None,NVDA
2020-06-14T00:44:47Z,219803394,"$NVDA knowledge is power
https://youtu.be/fpYSA_Z7N60",None,NVDA
2020-06-13T23:28:59Z,219797130,"$SPY $NVDA $AAPL $FB $TSLA 

SEATTLE PROTESTERS

‚Ä¢abolish court system
‚Ä¢black doctors treat black people
‚Ä¢abolish prison system
‚Ä¢abolish police

VOTE WHO THEY SUPPORT OUT!!!!!!",None,NVDA
2020-06-13T23:19:39Z,219796379,"https://www.youtube.com/watch?v=3y9akB5-6Ws&amp;feature=share

.@guyadami amongst many many others is LONG $AMD ‚ÜóÔ∏è 

$AAPL $INTC $NVDA",None,NVDA
2020-06-13T23:13:12Z,219795920,"$SPY $ROKU $TSLA $NVDA $SQ 

This is PONY in da mornin",Bearish,NVDA
2020-06-13T23:09:09Z,219795564,"The truth: There will be no vaccine till EOY. The major economic damages are already done. The businesses will continue suffer till normal life returns by 2021. The POTUS and his great team already figured out the damages. The QE is already under question and Treasury dept will place better control. 
The Lie for now: Powell will save us, Economy doing great and We are going ATH soon. $NVDA $MCD $MU $NFLX",Bearish,NVDA
2020-06-13T23:04:32Z,219795172,$NVDA so expensive,Bearish,NVDA
2020-06-13T23:02:00Z,219794958,"$SPY $SQ $NVDA $ROKU $TSLA 

SHORT THE SPIKE",Bearish,NVDA
2020-06-13T22:59:36Z,219794757,"$SPY $TSLA $NVDA $AXP $MA ///// Breaking News Report: 
June 12 (Reuters) - White House economic adviser Larry Kudlow said on Friday the administration of U.S. President Donald Trump is not concerned about a second wave of coronavirus cases, the Wall Street Journal reported.

Kudlow, director of the White House National Economic Council, made his remarks in a private virtual meeting for clients of investment bank Evercore Inc EVR.N, the Journal reported, citing a recording reviewed by the newspaper.

‚ÄúBasically, the story is there have been some flare-ups of the virus, very controllable,‚Äù Kudlow was quoted by the newspaper as saying. It said his appearance in the closed meeting was approved by ethics lawyers.",Bullish,NVDA
2020-06-13T21:37:34Z,219788045,"$ba $rcl $aapl $nvda $amd Breaking News:

WASHINGTON, June 12 (Reuters) - U.S. Secretary of State Mike Pompeo will meet China&#39;s top diplomat Yang Jiechi in Hawaii, trying to ease tensions between the world&#39;s two largest economies over various issues, according to media reports",Bullish,NVDA
2020-06-13T21:24:00Z,219786958,"$SPY $BA $AAPL $NVDA $SOXL Breaking News: 

U.S.&#39;s Pompeo to meet China&#39;s top diplomat in Hawaii seeking to ease tensions - media",Bullish,NVDA
2020-06-13T21:22:50Z,219786863,Your daily News digest for NVIDIA $NVDA https://wsfriend.com/daily/news/NVDA/2020-06-13/,None,NVDA
2020-06-13T21:20:59Z,219786728,$NVDA Load up!,Bullish,NVDA
2020-06-13T21:08:55Z,219785806,$TSLA $SQ $NVDA $DAL Be very cautious,None,NVDA
2020-06-13T20:10:56Z,219781013,"$NVDA $AMD $SMH 
 

$NVDA catches $4M bet into weakness. Bet does catch ER

Find options flow using BlackBoxStocks. Link in bio",Bullish,NVDA
2020-06-13T19:26:53Z,219777432,"$NVDA ImageNvidia ‚Ä∫ investor ‚Ä∫ event-details ‚Ä∫ N...
NVIDIA Corporation - Nasdaq Virtual 42nd Investor Conference
Nasdaq Virtual 42nd Investor Conference. June 16, 2020 07:00 AM PST.",None,NVDA
2020-06-13T19:23:56Z,219777180,"$NVDA JUN 23-25, 2020

Spark + AI Summit 2020",None,NVDA
2020-06-13T19:21:53Z,219777025,$NVDA https://www.nvidia.com/en-us/events/isc-digital/,None,NVDA
2020-06-14T05:15:49Z,219823483,Peak profit for the last 6 expired option alerts for $CSCO 114.96  | 56.69  | 48.51  | 127.27  | 134.94  | 194.44  |,None,CSCO
2020-06-14T05:14:44Z,219823420,"$CSCO [Jun-12 47.00 Calls] Option volume Up +346.35 % |  Volume: 2,937 vs 658 https://www.sleekoptions.com/sleekscan.aspx?sub1=dscan",None,CSCO
2020-06-14T05:13:39Z,219823369,$CSCO [Jun-26 46.00 Puts] Option volume Up +156.00 % |  Volume: 64 vs 25 https://www.sleekoptions.com/sleekscan.aspx?sub1=dscan,None,CSCO
2020-06-13T21:32:10Z,219787569,Your daily News digest for Cisco Systems $CSCO https://wsfriend.com/daily/news/CSCO/2020-06-13/,None,CSCO
2020-06-13T19:12:04Z,219776196,$CSCO - Should I keep Cisco Systems and‚Ä¶ https://www.macroaxis.com/invest/pair-correlation/CSCO/KN/Cisco-vs-Knowles #portfolio_prospective #better_portfolio #diversify,None,CSCO
2020-06-13T17:31:17Z,219767354,2 of 10 $CAT $CSCO $CVX ‚Ä¶ see 3/10,None,CSCO
2020-06-13T15:43:55Z,219757920,"$CSCO Short term PT $52 leading up to earnings announcement. Conservative guidance as always and will beat estimates.  Intermediate term (3-6 months) $60

Cisco can get in your head. Like many before you, CSCO will finally lurch up when you finally fold.",None,CSCO
2020-06-13T14:53:00Z,219753415,$CSCO was analyzed by 20 analysts. The buy consensus is at 82%. So analysts seem to be very confident about $CSCO. https://www.chartmill.com/stock/analyzer/stock/CSCO?view=analyst-ratings&amp;utm_source=stocktwits&amp;utm_medium=ANALYST&amp;utm_content=CSCO&amp;utm_campaign=social_tracking,None,CSCO
2020-06-13T13:33:04Z,219747064,$CSCO upcoming event June 16: Nasdaq 42nd Investor Conference. Options expiring on June 19 that cover the event have an implied move of ¬±4.2% http://tinyurl.com/y9bhx8f4,None,CSCO
2020-06-13T07:07:00Z,219734693,"$CSCO, $ADI and $ALGN are the top gainers in the Nasdaq 100 for the day. https://www.chartmill.com/stock/stock-screener?v=3&amp;f=ind_20&amp;s=pt&amp;utm_source=stocktwits&amp;utm_medium=screener&amp;utm_content=Stock_Screener:_top_Nasdaq_100_gainers&amp;utm_campaign=social_tracking",None,CSCO
2020-06-13T06:39:12Z,219733827,Peak profit for the last 6 expired option alerts for $CSCO 114.96  | 56.69  | 48.51  | 127.27  | 134.94  | 194.44  |,None,CSCO
2020-06-13T06:38:08Z,219733796,"$CSCO [Jun-12 47.00 Calls] Option volume Up +346.35 % |  Volume: 2,937 vs 658 https://www.sleekoptions.com/sleekscan.aspx?sub1=dscan",None,CSCO
2020-06-13T06:37:03Z,219733765,$CSCO [Jun-26 46.00 Puts] Option volume Up +156.00 % |  Volume: 64 vs 25 https://www.sleekoptions.com/sleekscan.aspx?sub1=dscan,None,CSCO
2020-06-13T03:11:11Z,219722101,Cisco Systems: From Boring To Mind-Blowing $CSCO https://bit.ly/2YvXshl,None,CSCO
2020-06-13T02:43:53Z,219719544,$CSCO $FMCI $PI One of the most profitable trading room and excellent chatroom.. It&#39;s really  awesome.  stocktwits.com/TracyDawson/message/219706236,None,CSCO
2020-06-13T01:02:16Z,219708439,"üî• üö® Another great week of investing, I‚Äôve been buying the dips this week and will continue to buy big dips like Thursday until the end of the year. Long games the startegy and there‚Äôs so much potential money on the table. Try to always have at least about a 20% position in cash

Long term watch list part 1 - $MSFT $AMZN $ROKU $NFLX $CSCO

FOLLOW  for free due diligence and weekly alerts, including my top 5 pick for the week every Sunday. I‚Äôm spending about 60 hours a week on the markets and sharing my due diligence / strategy. If you‚Äôd like me to continue, just asking to show some support in return on my Instagram, ‚ÄúNomadtraveladventures‚Äù. ‚úäüèΩüî• üö®

Join the journey to make 1Mil profit this year(~280k so far), once I do I‚Äôm quitting my job and traveling the world (post COVID). Will be filming all my adventures on IG  , ‚ÄúNomadtraveladventures‚Äù - check them out. üôèüèΩ

DM if you have over 10k position in any of my picks and I‚Äôll look to add you to my premium discord group.

GLTA",Bullish,CSCO
2020-06-13T00:42:02Z,219705991,"$CSCO: New SEC filing on SVP, Corp. Controller &amp; CAO, PRAT BHATT: https://www.sec.gov/Archives/edgar/data/858877/000120919120036431/xslF345X03/doc4.xml",None,CSCO
2020-06-12T22:55:27Z,219689702,"$CSCO reported 3 new insider trades to the SEC in the last 2 minutes.

$163,802.45 of shares sold by Martinez Maria (EVP, Chief Customer Exp Offcr)   https://newsfilter.io/articles/4-form-40cea53d5e582fb2b0ae346033aaf797
$24,002.97 of shares sold by Chandler Mark D (EVP, LglSrvs &amp; GenCnsl)   https://newsfilter.io/articles/4-form-bb9a188218b0ecb2aa82d1cee3c41d03
$1,286,010.20 of shares sold by Elliott Geraldine (EVP, Chief Sales &amp; Mktg Offcr)   https://newsfilter.io/articles/4-form-7d2dd0662624a2decf7d22ba65d1c432",None,CSCO
2020-06-12T22:53:52Z,219689406,"$CSCO [15s. delayed] filed SEC form 4: EVP, Chief Customer Exp Offcr Martinez Maria: 
Delivered securities 3,409 of Common Stock at price  https://s.flashalert.me/0KpYN",None,CSCO
2020-06-12T22:53:51Z,219689399,"EVP of Cisco Systems just disposed of 26,764 shares  http://www.conferencecalltranscripts.org/4/summary2/?id=8022469 $CSCO",None,CSCO
2020-06-12T22:52:02Z,219689088,"$CSCO [15s. delayed] filed SEC form 4: EVP, Chief Sales &amp; Mktg Offcr Elliott Geraldine: 
Delivered securities 26,764 of Common Stock at pr https://s.flashalert.me/JE7P1G",None,CSCO
2020-06-12T22:51:46Z,219689027,EVP of Cisco Systems just disposed of 521 shares  http://www.conferencecalltranscripts.org/4/summary/?id=8022466 $CSCO,None,CSCO
2020-06-12T22:51:03Z,219688889,"SVP of Cisco Systems just disposed of 3,015 shares  http://www.conferencecalltranscripts.org/4/summary2/?id=8022465 $CSCO",None,CSCO
2020-06-12T22:50:47Z,219688831,"$CSCO [15s. delayed] filed SEC form 4: EVP, LglSrvs &amp; GenCnsl CHANDLER MARK D: 
Disposed 521 of Common Stock at average price $46.07 betwe https://s.flashalert.me/zw2wb",None,CSCO
2020-06-12T22:50:31Z,219688800,"#FWSells $CSCO CHANDLER MARK D, EVP, LglSrvs &amp; GenCnsl of CISCO SYSTEMS, INC. sold 346 shares on 2020-06-12. https://formwhispers.com/s?t=CSCO",None,CSCO
2020-06-12T22:49:19Z,219688557,"$CSCO [15s. delayed] filed SEC form 4: SVP, Corp. Controller &amp; CAO BHATT PRAT: 
Delivered securities 3,015 of Common Stock at average pric https://s.flashalert.me/VXSf6k",None,CSCO
2020-06-12T22:49:05Z,219688515,"$CSCO $143,781.48 of shares sold by Bhatt Prat (SVP, Corp. Controller &amp; CAO), reported in a new form 4 filed with the SEC  

https://newsfilter.io/a/b772522308dda0118beb338d0440ebbf",None,CSCO
2020-06-12T21:33:13Z,219672941,Your daily News digest for Cisco Systems $CSCO https://wsfriend.com/daily/news/CSCO/2020-06-12/,None,CSCO
2020-06-12T20:38:18Z,219657983,"Cisco Systems: From Boring To Mind-Blowing https://seekingalpha.com/article/4353609

I&#39;m BULLISH on $CSCO",None,CSCO
2020-06-12T20:01:01Z,219643591,I only had one winning trade today in $SO. My losing trades today were $CSCO $IBM.,None,CSCO
2020-06-14T10:08:30Z,219831943,"$CVS $BA $DOW $TSL $ADBE 
WOW. Like 80k profit on that Boeing play.

   every penny paid off ! best group ever . 
   xtrads-discrd-grup.my-board.org",Bullish,ADBE
2020-06-14T02:10:03Z,219810202,"$ADBE option volume was 4X normal on Friday with 78,401 contracts. Call volume was 59% and put volume was 41%. http://tinyurl.com/y7lq7qav",None,ADBE
2020-06-14T02:05:04Z,219809813,$ADBE worth buying right now? Seems like a safe long term investment but can‚Äôt shake the feeling that the price will fall with the inevitable market crash later in the year.,None,ADBE
2020-06-13T23:52:13Z,219799096,"$ADBE Boring stock, but this is in my portfolio.  I work in banking and the entire wealth management department is using this, as legal documents and contracts need to be scanned on PDF files.",Bullish,ADBE
2020-06-13T21:44:08Z,219788575,Your daily News digest for Adobe $ADBE https://wsfriend.com/daily/news/ADBE/2020-06-13/,None,ADBE
2020-06-13T19:57:55Z,219779948,"Portfolio Must-Haves:

1. MasterCard- $MA
2. Adobe- $ADBE
3. Visa- $V",Bullish,ADBE
2020-06-13T17:48:06Z,219768812,Peak profit for the last 6 expired option alerts for $ADBE 141.13  | 127.39  | 101.10  | 58.40  | 105.48  | 181.05  |,None,ADBE
2020-06-13T17:47:01Z,219768713,$ADBE [Jun-12 385.00 Calls] Option volume Up +212.00 % |  Volume: 390 vs 125 https://www.sleekoptions.com/sleekscan.aspx?sub1=dscan,None,ADBE
2020-06-13T17:45:57Z,219768617,$ADBE [Jun-19 400.00 Puts] Option volume Up +240.25 % |  Volume: 541 vs 159 https://www.sleekoptions.com/sleekscan.aspx?sub1=dscan,None,ADBE
2020-06-13T17:41:43Z,219768234,$ADBE Bot ü§ñ 7/10/20 $420 C for $11,Bullish,ADBE
2020-06-13T15:24:02Z,219756232,"$HTZ +37.38%
$ADBE +4.87%
Make  big  profits  with  us. Everyone should  join  this  room  for  good results.  Free  check  out  here!

https://stocktwits.com/TeressaAtkin/message/219548356",None,ADBE
2020-06-13T14:02:00Z,219749199,"Most gaining stocks in the Nasdaq 100 today: $ADBE, $CSX and $ISRG https://www.chartmill.com/stock/stock-screener?v=3&amp;f=ind_20&amp;s=pt&amp;utm_source=stocktwits&amp;utm_medium=screener&amp;utm_content=Stock_Screener:_top_Nasdaq_100_gainers&amp;utm_campaign=social_tracking",None,ADBE
2020-06-13T13:16:13Z,219745903,"Adobe Inc. Just Beat EPS By 7.7%: Here&#39;s What Analysts Think Will Happen Next
https://faws.com/news/26891037
$ADBE",None,ADBE
2020-06-13T12:58:20Z,219744925,$ADBE $NVDA $AMD The best long term investment ü§´üíπüí∏,Bullish,ADBE
2020-06-13T12:21:00Z,219743011,$ADBE was analyzed by 20 analysts. The buy consensus is at 91%. So analysts seem to be very confident about $ADBE. https://www.chartmill.com/stock/analyzer/stock/ADBE?view=analyst-ratings&amp;utm_source=stocktwits&amp;utm_medium=ANALYST&amp;utm_content=ADBE&amp;utm_campaign=social_tracking,None,ADBE
2020-06-13T06:42:25Z,219733927,PivotPoint bottom Signal Alert: $ADBE. More insights: https://stockinvest.us/technical-analysis/ADBE?utm_source=stocktwits&amp;utm_medium=autopost,Bullish,ADBE
2020-06-13T06:32:28Z,219733642,$ADBE lf you really want to make a huge profit on stock trading. Then this comm.unity is for you!  https://stocktwits.com/AveDrac/message/217893518,Bullish,ADBE
2020-06-13T02:16:47Z,219716854,"$ADBE +4.87%
$HTZ +37.38%
Make  big  profits  with  us. Everyone should  join  this  room  for  good results.  Free  check  out  here!

https://stocktwits.com/TeressaAtkin/message/219548356",None,ADBE
2020-06-13T02:16:42Z,219716848,$ADBE Adobe targets raised on ARR strength https://seekingalpha.com/news/3582752,None,ADBE
2020-06-13T01:47:04Z,219713686,Largest gainers today 6/12/2020 on my Watch List were: $ADBE $TNET $SBUX $ALGN $NSP #invest https://t.co/Y4d8n6gBMR,None,ADBE
2020-06-13T00:06:00Z,219700982,$ADBE was analyzed by 20 analysts. The buy consensus is at 91%. So analysts seem to be very confident about $ADBE. https://www.chartmill.com/stock/quote/ADBE/analyst-ratings?utm_source=stocktwits&amp;utm_medium=ANALYST&amp;utm_content=ADBE&amp;utm_campaign=social_tracking,None,ADBE
2020-06-12T22:28:16Z,219684307,$ADBE $CHGG CRM Cramer mentioning,None,ADBE
2020-06-12T22:25:12Z,219683694,$ADBE $NASDAQ Bullish Call üêÇ Sweep for $138K Alerted (beta release coming soon visit sweepcast.com) #OptionsTrading #daytrading #StockMarket #SPY #NASDAQ #ADBE,Bullish,ADBE
2020-06-12T22:24:00Z,219683468,"$PDD, $ADBE and $CCH making a new 52 week high. https://www.chartmill.com/stock/stock-screener?f=p_pg10,v1_50b500,s_nh,exch_us&amp;v=3&amp;utm_source=stocktwits&amp;utm_medium=screener&amp;utm_content=Stock_Screener:_New_52_week_high_today&amp;utm_campaign=social_tracking",None,ADBE
2020-06-12T21:45:15Z,219675521,Your daily News digest for Adobe $ADBE https://wsfriend.com/daily/news/ADBE/2020-06-12/,None,ADBE
2020-06-12T21:22:09Z,219670222,$ADBE NEW ARTICLE : Adobe Leads Nasdaq Higher as Lululemon Slumps https://www.stck.pro/news.php?ticker=ADBE&amp;rowid=5365057,None,ADBE
2020-06-12T21:22:04Z,219670202,"$ADBE Adobe stock closes just shy of record as coronavirus work-from-home trend boosts subscriptions

https://www.marketwatch.com/story/adobe-stock-trades-at-record-as-coronavirus-work-from-home-trend-boosts-subscriptions-2020-06-12?mod=newsviewer_click",None,ADBE
2020-06-12T20:10:14Z,219648013,"Adobe‚Äôs CEO on how the company is posting record results amid economic chaos
‚Äî Fortune
$ADBE",None,ADBE
2020-06-12T19:47:45Z,219637155,$ADBE this will open at 420 Monday. Just placed a call ü§ë,Bullish,ADBE
2020-06-12T19:39:49Z,219633695,$ADBE just in for a quick short from 407.43. set my stop there so may get nothing but won‚Äôt lose and may gain depending how market closes...,None,ADBE
2020-06-14T10:11:23Z,219832025,"$SQ $GOOGL $UBER $PYPL Hello all! Tide Indicators (for 13 June 2020) had been updated today. Please visit blog to view the full updates: https://tideinvestor.com/tide-indicators/

This week, we can see that Bearish price action are being revealed one by one in the stock market. Even though I couldn&#39;t get a bearish confirmation on Friday trading and still remain Neutral on stock market, overall the bearish tide seems to be taking over pretty soon. 

Furthermore, as per the Tide Indicators for today (13 June 2020), we can see the fund flow on JPY had finally reversed to Short on the stock market. This further confirmed to me that a market peak/reversal is imminent. The price action on monday trading or next week will be important for myself regarding my remaining Long positions and trading plan.

I am looking forward to the upcoming Bearish tide and more will be shared in the full Tide Indicators analysis which will be posted in my blog on 15 June 2020. üòä",None,PYPL
2020-06-14T05:11:02Z,219823238,$PYPL - Swap PayPal Holdings with‚Ä¶ https://www.macroaxis.com/invest/pair-correlation/PYPL/BV/PayPal-vs-BrightView #portfolio_prospective #better_portfolio #diversify,None,PYPL
2020-06-13T21:14:38Z,219786242,Your daily News digest for PayPal Holdings $PYPL https://wsfriend.com/daily/news/PYPL/2020-06-13/,None,PYPL
2020-06-13T19:57:59Z,219779952,Peak profit for the last 6 expired option alerts for $PYPL 212.24  | 196.10  | 254.55  | 356.94  | 21.79  | 244.29  |,None,PYPL
2020-06-13T19:56:53Z,219779858,$PYPL [Jun-12 150.00 Calls] Option volume Up +374.73 % |  Volume: 432 vs 91 https://www.sleekoptions.com/sleekscan.aspx?sub1=dscan,None,PYPL
2020-06-13T19:55:49Z,219779783,$PYPL [Jul-17 155.00 Puts] Option volume Up +211.76 % |  Volume: 742 vs 238 https://www.sleekoptions.com/sleekscan.aspx?sub1=dscan,None,PYPL
2020-06-12T21:15:01Z,219668392,Your daily News digest for PayPal Holdings $PYPL https://wsfriend.com/daily/news/PYPL/2020-06-12/,None,PYPL
2020-06-12T19:04:21Z,219618609,$PYPL here comes the hammer back down to reality,None,PYPL
2020-06-12T18:24:19Z,219602362,$ADBE $BTC.X $SQ $PYPL $BABA Must have in post Virus world ü§´üíπüí∏,Bullish,PYPL
2020-06-12T17:47:03Z,219587559,Read our thread if your asking about $PYPL $GOOGL news,None,PYPL
2020-06-12T17:46:00Z,219587144,$PYPL great price,None,PYPL
2020-06-12T17:35:53Z,219583212,Keep an eye on $PYPL off that $GOOGL news,None,PYPL
2020-06-12T16:51:38Z,219568079,Peak profit for the last 6 expired option alerts for $PYPL 212.24  | 196.10  | 254.55  | 356.94  | 21.79  | 244.29  |,None,PYPL
2020-06-12T16:49:30Z,219567387,$PYPL [Jun-12 150.00 Calls] Option volume Up +194.51 % |  Volume: 268 vs 91 https://www.sleekoptions.com/sleekscan.aspx?sub1=dscan,None,PYPL
2020-06-12T16:09:40Z,219554035,$PYPL Strong Buy at those levels üí∏,Bullish,PYPL
2020-06-12T15:00:01Z,219523392,$PYPL $180 after earnings,None,PYPL
2020-06-12T14:50:47Z,219519081,$PYPL I missed the party. Too expensive,None,PYPL
2020-06-12T14:49:36Z,219518562,$PYPL NEW ARTICLE : The Huge 2020 Rally of PayPal Stock Is on Its Last Legs https://www.stck.pro/news.php?ticker=PYPL&amp;rowid=5357117,None,PYPL
2020-06-12T14:24:46Z,219507006,$PYPL buy for earnings,None,PYPL
2020-06-12T14:13:07Z,219501796,"$PYPL paypal mafia back at it again , profit taking soon for me",Bullish,PYPL
2020-06-12T13:49:41Z,219490703,$PYPL I believe this is a growth stock.,None,PYPL
2020-06-12T13:44:26Z,219488133,$PYPL,Bullish,PYPL
2020-06-12T13:21:37Z,219477725,"Indonesia‚Äôs Ovo Is Close to Merger With Dana to Fight Gojek  $PYPL $FB $BABA 

https://newsfilter.io/a/a6f0bea7a52c728e75d2565a956b18c1",None,PYPL
2020-06-12T11:01:38Z,219436636,"$PYPL $AMZN PayPal‚Äôs CFO on How the Pandemic Will Permanently Change Shopping 

https://newsfilter.io/a/7bd1eb9b410951b5f399dc093d39a189",None,PYPL
2020-06-12T05:26:35Z,219409723,"$PYPL I believe in this company, but this and all other stocks are going down soon. Buying this now, near all time highs, is a brokerage account death sentence.",None,PYPL
2020-06-12T03:32:23Z,219396517,$PYPL Still alive. $PYPL,None,PYPL
2020-06-12T01:05:43Z,219370959,"$SPY $V $PYPL $F $AAL 
üëáTop 5 most widely held stocks.

Institutions Vs. Retails (RH)
= Everyday Use Vs. BTFD ü§£

https://www.marketwatch.com/story/here-are-the-biggest-stock-market-bets-among-institutional-and-retail-investors-ranked-2020-06-09",None,PYPL
2020-06-11T21:15:13Z,219311595,Your daily News digest for PayPal Holdings $PYPL https://wsfriend.com/daily/news/PYPL/2020-06-11/,None,PYPL
2020-06-11T21:04:33Z,219307916,$PYPL instead of giving all that money to BLM give it to your employees!,None,PYPL
2020-06-11T20:22:28Z,219290843,ICYMI: Large Cap Companies with Strong Market Cap: $NFLX $PEP $PYPL http://dlvr.it/RYSFzt #NASDAQ #NYSE #STOCKS,None,PYPL
2020-06-14T04:00:59Z,219819070,Peak profit for the last 6 expired option alerts for $CRM 23.30  | 21.01  | 53.98  | 40.32  | 29.78  | 138.46  |,None,CRM
2020-06-14T03:59:54Z,219818983,$CRM [Jun-12 172.50 Calls] Option volume Up +181.67 % |  Volume: 338 vs 120 https://www.sleekoptions.com/sleekscan.aspx?sub1=dscan,None,CRM
2020-06-14T03:58:49Z,219818906,$CRM [Jun-19 170.00 Puts] Option volume Up +185.05 % |  Volume: 858 vs 301 https://www.sleekoptions.com/sleekscan.aspx?sub1=dscan,None,CRM
2020-06-14T03:14:36Z,219815521,Short sale volume (not short interest) for $CRM at 2020-06-12 is 56%. http://shortvolumes.com/?t=CRM via @shortvolumes,None,CRM
2020-06-14T01:45:11Z,219808215,"New ratings for FedEx($FDX), Salesforce($CRM),‚Ä¶ https://www.macroaxis.com/invest/marketRatings?s=FDX,CRM,ABC,AMD,STFC,LEG,HON,VAR,ORLY,HIG,PNC #canada #canadian_equities #CA",None,CRM
2020-06-13T23:57:31Z,219799545,$CRM any thoughts on going up or down ??,Bullish,CRM
2020-06-13T22:42:32Z,219793347,"New ratings for Dean Foods($DF), Salesforce($CRM), J‚Ä¶ https://www.macroaxis.com/invest/marketRatings?s=DF,CRM,SJM,KIM,HES,PCH,GS,RL #canada #canadian_equities #CA",None,CRM
2020-06-13T21:45:47Z,219788710,Your daily News digest for Salesforce $CRM https://wsfriend.com/daily/news/CRM/2020-06-13/,None,CRM
2020-06-13T21:45:30Z,219788688,Trade Ideas for Monday: $VIPS $INO $CRM $NVAX ... Charts: https://www.traderhr.com/trade-idea-for-mon-jun-15-2020/,Bullish,CRM
2020-06-13T20:53:10Z,219784573,$CRM RS rating upgraded from 77 to 81. :) Stocks tend to rally over 80.,Bullish,CRM
2020-06-13T20:37:06Z,219783253,$CRM NEW ARTICLE : Don‚Äôt Buy The One Cloud Stock That Passes Jim Cramer‚Äôs ‚ÄòRule Of 40‚Äô Test https://www.stck.pro/news.php?ticker=CRM&amp;rowid=5393397,None,CRM
2020-06-13T17:05:11Z,219765112,Salesforce ($CRM) buy or sell recommendation is STRONG SELL https://www.macroaxis.com/invest/stock/CRM/Salesforce-Com #trading #ideas #stocks,None,CRM
2020-06-13T15:04:23Z,219754365,$CRM breakout soon,Bullish,CRM
2020-06-13T14:04:16Z,219749355,$crm consistency,None,CRM
2020-06-13T14:02:03Z,219749207,$CRM is the future of tech $200+,Bullish,CRM
2020-06-13T05:22:39Z,219730923,Peak profit for the last 6 expired option alerts for $CRM 23.30  | 21.01  | 53.98  | 40.32  | 29.78  | 138.46  |,None,CRM
2020-06-13T05:21:35Z,219730868,$CRM [Jun-12 172.50 Calls] Option volume Up +181.67 % |  Volume: 338 vs 120 https://www.sleekoptions.com/sleekscan.aspx?sub1=dscan,None,CRM
2020-06-13T05:20:30Z,219730818,$CRM [Jun-19 170.00 Puts] Option volume Up +185.05 % |  Volume: 858 vs 301 https://www.sleekoptions.com/sleekscan.aspx?sub1=dscan,None,CRM
2020-06-12T22:42:26Z,219687226,$CRM any good calls around earnings next here? Definitely sandbagged last earnings call.,Bullish,CRM
2020-06-12T21:46:54Z,219675843,Your daily News digest for Salesforce $CRM https://wsfriend.com/daily/news/CRM/2020-06-12/,None,CRM
2020-06-12T21:43:36Z,219675161,"$CRM Bollinger bands getting tight, expecting a move soon",None,CRM
2020-06-12T20:23:47Z,219653301,Submission of Matters to a Vote of Security  http://www.conferencecalltranscripts.org/8/summary/?id=8021336 $CRM,None,CRM
2020-06-12T20:20:44Z,219652222,"$CRM just filed a Event for Officers, a Vote of Security Holders and a Financial Exhibit https://last10k.com/sec-filings/crm/0001108524-20-000031.htm?utm_source=stocktwits&amp;utm_medium=forum&amp;utm_campaign=8K&amp;utm_term=crm",None,CRM
2020-06-12T20:19:45Z,219651826,"$CRM [15s. delayed] filed form 8-K on June 12, 16:18:37: Item5.07: Submission of Matters to a Vote of Security Holders https://s.flashalert.me/HKRrSg",None,CRM
2020-06-12T20:19:17Z,219651681,"$CRM Form 8-K: Submission of Matters to a Vote of Security Holders.Salesforce.com held its 2020 Annual Meeting of Stockholders on June 11, 2020. The proposals considered at the Meeting are described i.. 

https://newsfilter.io/a/25fa88a6acb7631d88978e6fce2d1261",None,CRM
2020-06-12T19:44:50Z,219635826,$CRM - above the major moving averages,None,CRM
2020-06-12T19:40:31Z,219633982,"$ZUO will Benioff bring back  Tzuo to the $CRM fold.   I think soon.  Tzuo gave it a good try but has not managed to catch Wall Street eye&#39;s on his own. He would do best to rejoin the CRM tent.    I have no inside information, but I would not be surprised if they would make such announcement with Cramer since they are all buds.   If not , then sell the interview after hour pop.",None,CRM
2020-06-12T19:35:09Z,219631779,"Updated correlation matrix for Salesforce($CRM),‚Ä¶ https://www.macroaxis.com/invest/marketCorrelation?s=CRM,CAG,VZ,VLO,EMC,KIM,SLM,HPQ,MMC,KEY,ERIE,CL #correlations #stocks #stockratings",None,CRM
2020-06-12T19:25:32Z,219627837,$CRM $NOW they both got help from $ADBE. Hope $CRM shows its own strength. Lately Marc Benioff has been selling a lot,None,CRM
2020-06-12T18:36:10Z,219606948,$CRM strength!!,Bullish,CRM
